{
  "id": "table-safety",
  "title": "Table Safety",
  "version": "1.3.3",
  "compatibility": {
    "minimum": "12",
    "verified": "13.346"
  },
  "relationships": {
    "requires": [
      {
        "id": "socketlib",
        "type": "module",
        "compatibility": {}
      }
    ]
  },
  "styles": [
    "scripts/module.css"
  ],
  "esmodules": [
    "scripts/module.js"
  ],
  "languages": [
    {
      "lang": "en",
      "name": "English",
      "path": "lang/en.json",
      "flags": {}
    }
  ],
  "authors": [
    {
      "name": "Dustin Conlon (VoltaicGRiD)",
      "discord": "voltaicgrid",
      "email": "dustin@dustinconlon.com",
      "flags": {}
    }
  ],
  "socket": true,
  "url": "https://github.com/VoltaicGRiD/table-safety",
  "manifest": "https://github.com/VoltaicGRiD/table-safety/releases/download/1.3.3/module.json",
  "download": "https://github.com/VoltaicGRiD/table-safety/releases/download/1.3.3/table-safety.zip"
}
